timeStamp,elapsed,label,responseCode,responseMessage,threadName,dataType,success,failureMessage,bytes,sentBytes,grpThreads,allThreads,URL,Latency,IdleTime,Connect
1740266395623,1116,get_method,200,OK,50_threads 1-25,text,true,,169,148,50,50,http://162.55.220.72:5005/get_method?name=Maxim&age=33,1115,0,1060
1740266396182,1111,get_method,200,OK,50_threads 1-39,text,true,,169,148,50,50,http://162.55.220.72:5005/get_method?name=Maxim&age=33,1111,0,1055
1740266395064,3113,get_method,200,OK,50_threads 1-11,text,true,,169,148,50,50,http://162.55.220.72:5005/get_method?name=Maxim&age=33,3112,0,3060
1740266395103,3120,get_method,200,OK,50_threads 1-12,text,true,,169,148,50,50,http://162.55.220.72:5005/get_method?name=Maxim&age=33,3120,0,3067
1740266395782,3111,get_method,200,OK,50_threads 1-29,text,true,,169,148,50,50,http://162.55.220.72:5005/get_method?name=Maxim&age=33,3111,0,3057
1740266398177,3112,user_info_2,200,OK,50_threads 1-11,text,true,,476,793,50,50,http://162.55.220.72:5005/user_info_2,3112,0,3055
1740266396383,7124,get_method,200,OK,50_threads 1-44,text,true,,169,148,50,50,http://162.55.220.72:5005/get_method?name=Maxim&age=33,7124,0,7070
1740266401290,3119,user_info_3,200,OK,50_threads 1-11,text,true,,370,798,50,50,http://162.55.220.72:5005/user_info_3,3119,0,3065
1740266398224,7124,user_info_2,200,OK,50_threads 1-12,text,true,,476,798,50,50,http://162.55.220.72:5005/user_info_2,7124,0,7062
1740266396582,15146,get_method,200,OK,50_threads 1-49,text,true,,169,148,50,50,http://162.55.220.72:5005/get_method?name=Maxim&age=33,15146,0,15084
1740266411728,112,user_info_2,200,OK,50_threads 1-49,text,true,,476,778,50,50,http://162.55.220.72:5005/user_info_2,112,0,52
1740266396739,15140,user_info_2,200,OK,50_threads 1-25,text,true,,476,788,50,50,http://162.55.220.72:5005/user_info_2,15140,0,15083
1740266411840,3124,user_info_3,200,OK,50_threads 1-49,text,true,,370,763,50,50,http://162.55.220.72:5005/user_info_3,3123,0,3062
1740266394663,21024,get_method,Non HTTP response code: org.apache.http.conn.HttpHostConnectException,Non HTTP response message: Connect to 162.55.220.72:5005 [/162.55.220.72] failed: Connection timed out: connect,50_threads 1-1,text,false,,2607,0,50,50,http://162.55.220.72:5005/get_method?name=Maxim&age=33,0,0,21024
1740266394708,21041,get_method,Non HTTP response code: org.apache.http.conn.HttpHostConnectException,Non HTTP response message: Connect to 162.55.220.72:5005 [/162.55.220.72] failed: Connection timed out: connect,50_threads 1-2,text,false,,2607,0,50,50,http://162.55.220.72:5005/get_method?name=Maxim&age=33,0,0,21041
1740266394756,21040,get_method,Non HTTP response code: org.apache.http.conn.HttpHostConnectException,Non HTTP response message: Connect to 162.55.220.72:5005 [/162.55.220.72] failed: Connection timed out: connect,50_threads 1-3,text,false,,2607,0,50,50,http://162.55.220.72:5005/get_method?name=Maxim&age=33,0,0,21040
1740266394783,21044,get_method,Non HTTP response code: org.apache.http.conn.HttpHostConnectException,Non HTTP response message: Connect to 162.55.220.72:5005 [/162.55.220.72] failed: Connection timed out: connect,50_threads 1-4,text,false,,2607,0,50,50,http://162.55.220.72:5005/get_method?name=Maxim&age=33,0,0,21044
1740266394822,21053,get_method,Non HTTP response code: org.apache.http.conn.HttpHostConnectException,Non HTTP response message: Connect to 162.55.220.72:5005 [/162.55.220.72] failed: Connection timed out: connect,50_threads 1-5,text,false,,2607,0,50,50,http://162.55.220.72:5005/get_method?name=Maxim&age=33,0,0,21053
1740266394863,21043,get_method,Non HTTP response code: org.apache.http.conn.HttpHostConnectException,Non HTTP response message: Connect to 162.55.220.72:5005 [/162.55.220.72] failed: Connection timed out: connect,50_threads 1-6,text,false,,2607,0,50,50,http://162.55.220.72:5005/get_method?name=Maxim&age=33,0,0,21043
1740266394904,21048,get_method,Non HTTP response code: org.apache.http.conn.HttpHostConnectException,Non HTTP response message: Connect to 162.55.220.72:5005 [/162.55.220.72] failed: Connection timed out: connect,50_threads 1-7,text,false,,2607,0,50,50,http://162.55.220.72:5005/get_method?name=Maxim&age=33,0,0,21048
1740266394942,21042,get_method,Non HTTP response code: org.apache.http.conn.HttpHostConnectException,Non HTTP response message: Connect to 162.55.220.72:5005 [/162.55.220.72] failed: Connection timed out: connect,50_threads 1-8,text,false,,2607,0,50,50,http://162.55.220.72:5005/get_method?name=Maxim&age=33,0,0,21042
1740266394983,21048,get_method,Non HTTP response code: org.apache.http.conn.HttpHostConnectException,Non HTTP response message: Connect to 162.55.220.72:5005 [/162.55.220.72] failed: Connection timed out: connect,50_threads 1-9,text,false,,2607,0,50,50,http://162.55.220.72:5005/get_method?name=Maxim&age=33,0,0,21047
1740266395023,21039,get_method,Non HTTP response code: org.apache.http.conn.HttpHostConnectException,Non HTTP response message: Connect to 162.55.220.72:5005 [/162.55.220.72] failed: Connection timed out: connect,50_threads 1-10,text,false,,2607,0,50,50,http://162.55.220.72:5005/get_method?name=Maxim&age=33,0,0,21039
1740266395143,21044,get_method,Non HTTP response code: org.apache.http.conn.HttpHostConnectException,Non HTTP response message: Connect to 162.55.220.72:5005 [/162.55.220.72] failed: Connection timed out: connect,50_threads 1-13,text,false,,2607,0,50,50,http://162.55.220.72:5005/get_method?name=Maxim&age=33,0,0,21043
1740266395182,21051,get_method,Non HTTP response code: org.apache.http.conn.HttpHostConnectException,Non HTTP response message: Connect to 162.55.220.72:5005 [/162.55.220.72] failed: Connection timed out: connect,50_threads 1-14,text,false,,2607,0,50,50,http://162.55.220.72:5005/get_method?name=Maxim&age=33,0,0,21051
1740266395222,21041,get_method,Non HTTP response code: org.apache.http.conn.HttpHostConnectException,Non HTTP response message: Connect to 162.55.220.72:5005 [/162.55.220.72] failed: Connection timed out: connect,50_threads 1-15,text,false,,2607,0,50,50,http://162.55.220.72:5005/get_method?name=Maxim&age=33,0,0,21041
1740266395263,21047,get_method,Non HTTP response code: org.apache.http.conn.HttpHostConnectException,Non HTTP response message: Connect to 162.55.220.72:5005 [/162.55.220.72] failed: Connection timed out: connect,50_threads 1-16,text,false,,2607,0,50,50,http://162.55.220.72:5005/get_method?name=Maxim&age=33,0,0,21047
1740266395303,21037,get_method,Non HTTP response code: org.apache.http.conn.HttpHostConnectException,Non HTTP response message: Connect to 162.55.220.72:5005 [/162.55.220.72] failed: Connection timed out: connect,50_threads 1-17,text,false,,2607,0,50,50,http://162.55.220.72:5005/get_method?name=Maxim&age=33,0,0,21037
1740266395342,21044,get_method,Non HTTP response code: org.apache.http.conn.HttpHostConnectException,Non HTTP response message: Connect to 162.55.220.72:5005 [/162.55.220.72] failed: Connection timed out: connect,50_threads 1-18,text,false,,2607,0,50,50,http://162.55.220.72:5005/get_method?name=Maxim&age=33,0,0,21044
1740266395382,21036,get_method,Non HTTP response code: org.apache.http.conn.HttpHostConnectException,Non HTTP response message: Connect to 162.55.220.72:5005 [/162.55.220.72] failed: Connection timed out: connect,50_threads 1-19,text,false,,2607,0,50,50,http://162.55.220.72:5005/get_method?name=Maxim&age=33,0,0,21036
1740266395423,21043,get_method,Non HTTP response code: org.apache.http.conn.HttpHostConnectException,Non HTTP response message: Connect to 162.55.220.72:5005 [/162.55.220.72] failed: Connection timed out: connect,50_threads 1-20,text,false,,2607,0,50,50,http://162.55.220.72:5005/get_method?name=Maxim&age=33,0,0,21042
1740266395463,21018,get_method,Non HTTP response code: org.apache.http.conn.HttpHostConnectException,Non HTTP response message: Connect to 162.55.220.72:5005 [/162.55.220.72] failed: Connection timed out: connect,50_threads 1-21,text,false,,2607,0,50,50,http://162.55.220.72:5005/get_method?name=Maxim&age=33,0,0,21018
1740266395504,21039,get_method,Non HTTP response code: org.apache.http.conn.HttpHostConnectException,Non HTTP response message: Connect to 162.55.220.72:5005 [/162.55.220.72] failed: Connection timed out: connect,50_threads 1-22,text,false,,2607,0,50,50,http://162.55.220.72:5005/get_method?name=Maxim&age=33,0,0,21039
1740266395543,21047,get_method,Non HTTP response code: org.apache.http.conn.HttpHostConnectException,Non HTTP response message: Connect to 162.55.220.72:5005 [/162.55.220.72] failed: Connection timed out: connect,50_threads 1-23,text,false,,2607,0,50,50,http://162.55.220.72:5005/get_method?name=Maxim&age=33,0,0,21047
1740266395583,21038,get_method,Non HTTP response code: org.apache.http.conn.HttpHostConnectException,Non HTTP response message: Connect to 162.55.220.72:5005 [/162.55.220.72] failed: Connection timed out: connect,50_threads 1-24,text,false,,2607,0,50,50,http://162.55.220.72:5005/get_method?name=Maxim&age=33,0,0,21038
1740266395663,21037,get_method,Non HTTP response code: org.apache.http.conn.HttpHostConnectException,Non HTTP response message: Connect to 162.55.220.72:5005 [/162.55.220.72] failed: Connection timed out: connect,50_threads 1-26,text,false,,2607,0,50,50,http://162.55.220.72:5005/get_method?name=Maxim&age=33,0,0,21037
1740266395703,21043,get_method,Non HTTP response code: org.apache.http.conn.HttpHostConnectException,Non HTTP response message: Connect to 162.55.220.72:5005 [/162.55.220.72] failed: Connection timed out: connect,50_threads 1-27,text,false,,2607,0,50,50,http://162.55.220.72:5005/get_method?name=Maxim&age=33,0,0,21043
1740266395742,21035,get_method,Non HTTP response code: org.apache.http.conn.HttpHostConnectException,Non HTTP response message: Connect to 162.55.220.72:5005 [/162.55.220.72] failed: Connection timed out: connect,50_threads 1-28,text,false,,2607,0,50,50,http://162.55.220.72:5005/get_method?name=Maxim&age=33,0,0,21035
1740266395822,21048,get_method,Non HTTP response code: org.apache.http.conn.HttpHostConnectException,Non HTTP response message: Connect to 162.55.220.72:5005 [/162.55.220.72] failed: Connection timed out: connect,50_threads 1-30,text,false,,2607,0,50,50,http://162.55.220.72:5005/get_method?name=Maxim&age=33,0,0,21048
1740266395864,21038,get_method,Non HTTP response code: org.apache.http.conn.HttpHostConnectException,Non HTTP response message: Connect to 162.55.220.72:5005 [/162.55.220.72] failed: Connection timed out: connect,50_threads 1-31,text,false,,2607,0,50,50,http://162.55.220.72:5005/get_method?name=Maxim&age=33,0,0,21038
1740266395903,21046,get_method,Non HTTP response code: org.apache.http.conn.HttpHostConnectException,Non HTTP response message: Connect to 162.55.220.72:5005 [/162.55.220.72] failed: Connection timed out: connect,50_threads 1-32,text,false,,2607,0,50,50,http://162.55.220.72:5005/get_method?name=Maxim&age=33,0,0,21046
1740266395943,21053,get_method,Non HTTP response code: org.apache.http.conn.HttpHostConnectException,Non HTTP response message: Connect to 162.55.220.72:5005 [/162.55.220.72] failed: Connection timed out: connect,50_threads 1-33,text,false,,2607,0,50,50,http://162.55.220.72:5005/get_method?name=Maxim&age=33,0,0,21053
1740266395981,21046,get_method,Non HTTP response code: org.apache.http.conn.HttpHostConnectException,Non HTTP response message: Connect to 162.55.220.72:5005 [/162.55.220.72] failed: Connection timed out: connect,50_threads 1-34,text,false,,2607,0,50,50,http://162.55.220.72:5005/get_method?name=Maxim&age=33,0,0,21046
1740266396024,21051,get_method,Non HTTP response code: org.apache.http.conn.HttpHostConnectException,Non HTTP response message: Connect to 162.55.220.72:5005 [/162.55.220.72] failed: Connection timed out: connect,50_threads 1-35,text,false,,2607,0,50,50,http://162.55.220.72:5005/get_method?name=Maxim&age=33,0,0,21051
1740266396063,21027,get_method,Non HTTP response code: org.apache.http.conn.HttpHostConnectException,Non HTTP response message: Connect to 162.55.220.72:5005 [/162.55.220.72] failed: Connection timed out: connect,50_threads 1-36,text,false,,2607,0,50,50,http://162.55.220.72:5005/get_method?name=Maxim&age=33,0,0,21027
1740266396103,21035,get_method,Non HTTP response code: org.apache.http.conn.HttpHostConnectException,Non HTTP response message: Connect to 162.55.220.72:5005 [/162.55.220.72] failed: Connection timed out: connect,50_threads 1-37,text,false,,2607,0,50,50,http://162.55.220.72:5005/get_method?name=Maxim&age=33,0,0,21035
1740266396143,21042,get_method,Non HTTP response code: org.apache.http.conn.HttpHostConnectException,Non HTTP response message: Connect to 162.55.220.72:5005 [/162.55.220.72] failed: Connection timed out: connect,50_threads 1-38,text,false,,2607,0,50,50,http://162.55.220.72:5005/get_method?name=Maxim&age=33,0,0,21041
1740266396223,21040,get_method,Non HTTP response code: org.apache.http.conn.HttpHostConnectException,Non HTTP response message: Connect to 162.55.220.72:5005 [/162.55.220.72] failed: Connection timed out: connect,50_threads 1-40,text,false,,2607,0,50,50,http://162.55.220.72:5005/get_method?name=Maxim&age=33,0,0,21040
1740266396263,21031,get_method,Non HTTP response code: org.apache.http.conn.HttpHostConnectException,Non HTTP response message: Connect to 162.55.220.72:5005 [/162.55.220.72] failed: Connection timed out: connect,50_threads 1-41,text,false,,2607,0,50,50,http://162.55.220.72:5005/get_method?name=Maxim&age=33,0,0,21031
1740266396304,21037,get_method,Non HTTP response code: org.apache.http.conn.HttpHostConnectException,Non HTTP response message: Connect to 162.55.220.72:5005 [/162.55.220.72] failed: Connection timed out: connect,50_threads 1-42,text,false,,2607,0,50,50,http://162.55.220.72:5005/get_method?name=Maxim&age=33,0,0,21037
1740266396342,21046,get_method,Non HTTP response code: org.apache.http.conn.HttpHostConnectException,Non HTTP response message: Connect to 162.55.220.72:5005 [/162.55.220.72] failed: Connection timed out: connect,50_threads 1-43,text,false,,2607,0,50,50,http://162.55.220.72:5005/get_method?name=Maxim&age=33,0,0,21045
1740266396423,21043,get_method,Non HTTP response code: org.apache.http.conn.HttpHostConnectException,Non HTTP response message: Connect to 162.55.220.72:5005 [/162.55.220.72] failed: Connection timed out: connect,50_threads 1-45,text,false,,2607,0,50,50,http://162.55.220.72:5005/get_method?name=Maxim&age=33,0,0,21043
1740266396463,21035,get_method,Non HTTP response code: org.apache.http.conn.HttpHostConnectException,Non HTTP response message: Connect to 162.55.220.72:5005 [/162.55.220.72] failed: Connection timed out: connect,50_threads 1-46,text,false,,2607,0,50,50,http://162.55.220.72:5005/get_method?name=Maxim&age=33,0,0,21034
1740266396504,21041,get_method,Non HTTP response code: org.apache.http.conn.HttpHostConnectException,Non HTTP response message: Connect to 162.55.220.72:5005 [/162.55.220.72] failed: Connection timed out: connect,50_threads 1-47,text,false,,2607,0,50,50,http://162.55.220.72:5005/get_method?name=Maxim&age=33,0,0,21041
1740266396542,21048,get_method,Non HTTP response code: org.apache.http.conn.HttpHostConnectException,Non HTTP response message: Connect to 162.55.220.72:5005 [/162.55.220.72] failed: Connection timed out: connect,50_threads 1-48,text,false,,2607,0,50,50,http://162.55.220.72:5005/get_method?name=Maxim&age=33,0,0,21048
1740266396623,21044,get_method,Non HTTP response code: org.apache.http.conn.HttpHostConnectException,Non HTTP response message: Connect to 162.55.220.72:5005 [/162.55.220.72] failed: Connection timed out: connect,50_threads 1-50,text,false,,2607,0,50,50,http://162.55.220.72:5005/get_method?name=Maxim&age=33,0,0,21044
1740266397293,21046,user_info_2,Non HTTP response code: org.apache.http.conn.HttpHostConnectException,Non HTTP response message: Connect to 162.55.220.72:5005 [/162.55.220.72] failed: Connection timed out: connect,50_threads 1-39,text,false,,2607,0,50,50,http://162.55.220.72:5005/user_info_2,0,0,21046
1740266416062,3132,user_info_2,200,OK,50_threads 1-10,text,true,,476,808,50,50,http://162.55.220.72:5005/user_info_2,3132,0,3070
1740266398893,21028,user_info_2,Non HTTP response code: org.apache.http.conn.HttpHostConnectException,Non HTTP response message: Connect to 162.55.220.72:5005 [/162.55.220.72] failed: Connection timed out: connect,50_threads 1-29,text,false,,2607,0,50,50,http://162.55.220.72:5005/user_info_2,0,0,21028
1740266416591,7140,user_info_2,200,OK,50_threads 1-23,text,true,,476,808,50,50,http://162.55.220.72:5005/user_info_2,7140,0,7081
1740266416870,7135,user_info_2,200,OK,50_threads 1-30,text,true,,476,783,50,50,http://162.55.220.72:5005/user_info_2,7135,0,7080
1740266403507,21049,user_info_2,Non HTTP response code: org.apache.http.conn.HttpHostConnectException,Non HTTP response message: Connect to 162.55.220.72:5005 [/162.55.220.72] failed: Connection timed out: connect,50_threads 1-44,text,false,,2607,0,50,50,http://162.55.220.72:5005/user_info_2,0,0,21049
1740266404410,21035,object_info_1,Non HTTP response code: org.apache.http.conn.HttpHostConnectException,Non HTTP response message: Connect to 162.55.220.72:5005 [/162.55.220.72] failed: Connection timed out: connect,50_threads 1-11,text,false,,2607,0,50,50,http://162.55.220.72:5005/object_info_1?name=Maxim&age=33&weight=85,0,0,21034
1740266405348,21026,user_info_3,Non HTTP response code: org.apache.http.conn.HttpHostConnectException,Non HTTP response message: Connect to 162.55.220.72:5005 [/162.55.220.72] failed: Connection timed out: connect,50_threads 1-12,text,false,,2607,0,50,50,http://162.55.220.72:5005/user_info_3,0,0,21026
1740266419922,7119,user_info_3,200,OK,50_threads 1-29,text,true,,370,803,50,50,http://162.55.220.72:5005/user_info_3,7119,0,7066
1740266426374,1105,object_info_1,200,OK,50_threads 1-12,text,true,,230,161,50,50,http://162.55.220.72:5005/object_info_1?name=Maxim&age=33&weight=85,1105,0,1051
1740266424557,3133,user_info_3,200,OK,50_threads 1-44,text,true,,370,808,50,50,http://162.55.220.72:5005/user_info_3,3133,0,3068
1740266414964,15145,object_info_1,200,OK,50_threads 1-49,text,true,,230,161,50,50,http://162.55.220.72:5005/object_info_1?name=Maxim&age=33&weight=85,15145,0,15089
1740266415749,15140,user_info_2,200,OK,50_threads 1-2,text,true,,476,778,50,50,http://162.55.220.72:5005/user_info_2,15140,0,15080
1740266416187,15139,user_info_2,200,OK,50_threads 1-13,text,true,,476,778,50,50,http://162.55.220.72:5005/user_info_2,15139,0,15081
1740266417498,15145,user_info_2,200,OK,50_threads 1-46,text,true,,476,763,50,50,http://162.55.220.72:5005/user_info_2,15145,0,15084
1740266411879,21057,user_info_3,Non HTTP response code: org.apache.http.conn.HttpHostConnectException,Non HTTP response message: Connect to 162.55.220.72:5005 [/162.55.220.72] failed: Connection timed out: connect,50_threads 1-25,text,false,,2607,0,50,50,http://162.55.220.72:5005/user_info_3,0,0,21057
1740266418340,15117,user_info_3,200,OK,50_threads 1-39,text,true,,370,813,50,50,http://162.55.220.72:5005/user_info_3,15117,0,15063
1740266427690,7120,object_info_1,200,OK,50_threads 1-44,text,true,,230,161,50,50,http://162.55.220.72:5005/object_info_1?name=Maxim&age=33&weight=85,7119,0,7066
1740266434810,107,object_info_2,200,OK,50_threads 1-44,text,true,,476,163,50,50,http://162.55.220.72:5005/object_info_2?name=Maxim&age=33&salary=1500,107,0,52
1740266415688,21036,user_info_2,Non HTTP response code: org.apache.http.conn.HttpHostConnectException,Non HTTP response message: Connect to 162.55.220.72:5005 [/162.55.220.72] failed: Connection timed out: connect,50_threads 1-1,text,false,,2607,0,50,50,http://162.55.220.72:5005/user_info_2,0,0,21036
1740266415797,21035,user_info_2,Non HTTP response code: org.apache.http.conn.HttpHostConnectException,Non HTTP response message: Connect to 162.55.220.72:5005 [/162.55.220.72] failed: Connection timed out: connect,50_threads 1-3,text,false,,2607,0,50,50,http://162.55.220.72:5005/user_info_2,0,0,21035
1740266415827,21037,user_info_2,Non HTTP response code: org.apache.http.conn.HttpHostConnectException,Non HTTP response message: Connect to 162.55.220.72:5005 [/162.55.220.72] failed: Connection timed out: connect,50_threads 1-4,text,false,,2607,0,50,50,http://162.55.220.72:5005/user_info_2,0,0,21037
1740266415875,21037,user_info_2,Non HTTP response code: org.apache.http.conn.HttpHostConnectException,Non HTTP response message: Connect to 162.55.220.72:5005 [/162.55.220.72] failed: Connection timed out: connect,50_threads 1-5,text,false,,2607,0,50,50,http://162.55.220.72:5005/user_info_2,0,0,21037
1740266415906,21036,user_info_2,Non HTTP response code: org.apache.http.conn.HttpHostConnectException,Non HTTP response message: Connect to 162.55.220.72:5005 [/162.55.220.72] failed: Connection timed out: connect,50_threads 1-6,text,false,,2607,0,50,50,http://162.55.220.72:5005/user_info_2,0,0,21036
1740266436833,113,user_info_3,200,OK,50_threads 1-3,text,true,,370,763,50,50,http://162.55.220.72:5005/user_info_3,113,0,51
1740266415952,21038,user_info_2,Non HTTP response code: org.apache.http.conn.HttpHostConnectException,Non HTTP response message: Connect to 162.55.220.72:5005 [/162.55.220.72] failed: Connection timed out: connect,50_threads 1-7,text,false,,2607,0,50,50,http://162.55.220.72:5005/user_info_2,0,0,21038
1740266415984,21038,user_info_2,Non HTTP response code: org.apache.http.conn.HttpHostConnectException,Non HTTP response message: Connect to 162.55.220.72:5005 [/162.55.220.72] failed: Connection timed out: connect,50_threads 1-8,text,false,,2607,0,50,50,http://162.55.220.72:5005/user_info_2,0,0,21038
1740266416031,21038,user_info_2,Non HTTP response code: org.apache.http.conn.HttpHostConnectException,Non HTTP response message: Connect to 162.55.220.72:5005 [/162.55.220.72] failed: Connection timed out: connect,50_threads 1-9,text,false,,2607,0,50,50,http://162.55.220.72:5005/user_info_2,0,0,21038
1740266436990,111,user_info_3,200,OK,50_threads 1-7,text,true,,370,768,50,50,http://162.55.220.72:5005/user_info_3,111,0,52
1740266416233,21039,user_info_2,Non HTTP response code: org.apache.http.conn.HttpHostConnectException,Non HTTP response message: Connect to 162.55.220.72:5005 [/162.55.220.72] failed: Connection timed out: connect,50_threads 1-14,text,false,,2607,0,50,50,http://162.55.220.72:5005/user_info_2,0,0,21039
1740266416264,21039,user_info_2,Non HTTP response code: org.apache.http.conn.HttpHostConnectException,Non HTTP response message: Connect to 162.55.220.72:5005 [/162.55.220.72] failed: Connection timed out: connect,50_threads 1-15,text,false,,2607,0,50,50,http://162.55.220.72:5005/user_info_2,0,0,21039
1740266416311,21039,user_info_2,Non HTTP response code: org.apache.http.conn.HttpHostConnectException,Non HTTP response message: Connect to 162.55.220.72:5005 [/162.55.220.72] failed: Connection timed out: connect,50_threads 1-16,text,false,,2607,0,50,50,http://162.55.220.72:5005/user_info_2,0,0,21039
1740266416341,21039,user_info_2,Non HTTP response code: org.apache.http.conn.HttpHostConnectException,Non HTTP response message: Connect to 162.55.220.72:5005 [/162.55.220.72] failed: Connection timed out: connect,50_threads 1-17,text,false,,2607,0,50,50,http://162.55.220.72:5005/user_info_2,0,0,21039
1740266416387,21024,user_info_2,Non HTTP response code: org.apache.http.conn.HttpHostConnectException,Non HTTP response message: Connect to 162.55.220.72:5005 [/162.55.220.72] failed: Connection timed out: connect,50_threads 1-18,text,false,,2607,0,50,50,http://162.55.220.72:5005/user_info_2,0,0,21024
1740266416418,21039,user_info_2,Non HTTP response code: org.apache.http.conn.HttpHostConnectException,Non HTTP response message: Connect to 162.55.220.72:5005 [/162.55.220.72] failed: Connection timed out: connect,50_threads 1-19,text,false,,2607,0,50,50,http://162.55.220.72:5005/user_info_2,0,0,21039
1740266416466,21052,user_info_2,Non HTTP response code: org.apache.http.conn.HttpHostConnectException,Non HTTP response message: Connect to 162.55.220.72:5005 [/162.55.220.72] failed: Connection timed out: connect,50_threads 1-20,text,false,,2607,0,50,50,http://162.55.220.72:5005/user_info_2,0,0,21052
1740266416481,21037,user_info_2,Non HTTP response code: org.apache.http.conn.HttpHostConnectException,Non HTTP response message: Connect to 162.55.220.72:5005 [/162.55.220.72] failed: Connection timed out: connect,50_threads 1-21,text,false,,2607,0,50,50,http://162.55.220.72:5005/user_info_2,0,0,21037
1740266416544,21036,user_info_2,Non HTTP response code: org.apache.http.conn.HttpHostConnectException,Non HTTP response message: Connect to 162.55.220.72:5005 [/162.55.220.72] failed: Connection timed out: connect,50_threads 1-22,text,false,,2607,0,50,50,http://162.55.220.72:5005/user_info_2,0,0,21036
1740266416622,21037,user_info_2,Non HTTP response code: org.apache.http.conn.HttpHostConnectException,Non HTTP response message: Connect to 162.55.220.72:5005 [/162.55.220.72] failed: Connection timed out: connect,50_threads 1-24,text,false,,2607,0,50,50,http://162.55.220.72:5005/user_info_2,0,0,21037
1740266416701,21035,user_info_2,Non HTTP response code: org.apache.http.conn.HttpHostConnectException,Non HTTP response message: Connect to 162.55.220.72:5005 [/162.55.220.72] failed: Connection timed out: connect,50_threads 1-26,text,false,,2607,0,50,50,http://162.55.220.72:5005/user_info_2,0,0,21035
1740266416747,21037,user_info_2,Non HTTP response code: org.apache.http.conn.HttpHostConnectException,Non HTTP response message: Connect to 162.55.220.72:5005 [/162.55.220.72] failed: Connection timed out: connect,50_threads 1-27,text,false,,2607,0,50,50,http://162.55.220.72:5005/user_info_2,0,0,21037
1740266416777,21038,user_info_2,Non HTTP response code: org.apache.http.conn.HttpHostConnectException,Non HTTP response message: Connect to 162.55.220.72:5005 [/162.55.220.72] failed: Connection timed out: connect,50_threads 1-28,text,false,,2607,0,50,50,http://162.55.220.72:5005/user_info_2,0,0,21038
1740266416902,21037,user_info_2,Non HTTP response code: org.apache.http.conn.HttpHostConnectException,Non HTTP response message: Connect to 162.55.220.72:5005 [/162.55.220.72] failed: Connection timed out: connect,50_threads 1-31,text,false,,2607,0,50,50,http://162.55.220.72:5005/user_info_2,0,0,21037
1740266416949,21052,user_info_2,Non HTTP response code: org.apache.http.conn.HttpHostConnectException,Non HTTP response message: Connect to 162.55.220.72:5005 [/162.55.220.72] failed: Connection timed out: connect,50_threads 1-32,text,false,,2607,0,50,50,http://162.55.220.72:5005/user_info_2,0,0,21052
1740266416997,21051,user_info_2,Non HTTP response code: org.apache.http.conn.HttpHostConnectException,Non HTTP response message: Connect to 162.55.220.72:5005 [/162.55.220.72] failed: Connection timed out: connect,50_threads 1-33,text,false,,2607,0,50,50,http://162.55.220.72:5005/user_info_2,0,0,21051
1740266417028,21050,user_info_2,Non HTTP response code: org.apache.http.conn.HttpHostConnectException,Non HTTP response message: Connect to 162.55.220.72:5005 [/162.55.220.72] failed: Connection timed out: connect,50_threads 1-34,text,false,,2607,0,50,50,http://162.55.220.72:5005/user_info_2,0,0,21050
1740266417075,21050,user_info_2,Non HTTP response code: org.apache.http.conn.HttpHostConnectException,Non HTTP response message: Connect to 162.55.220.72:5005 [/162.55.220.72] failed: Connection timed out: connect,50_threads 1-35,text,false,,2607,0,50,50,http://162.55.220.72:5005/user_info_2,0,0,21050
1740266417090,21050,user_info_2,Non HTTP response code: org.apache.http.conn.HttpHostConnectException,Non HTTP response message: Connect to 162.55.220.72:5005 [/162.55.220.72] failed: Connection timed out: connect,50_threads 1-36,text,false,,2607,0,50,50,http://162.55.220.72:5005/user_info_2,0,0,21050
1740266417139,21047,user_info_2,Non HTTP response code: org.apache.http.conn.HttpHostConnectException,Non HTTP response message: Connect to 162.55.220.72:5005 [/162.55.220.72] failed: Connection timed out: connect,50_threads 1-37,text,false,,2607,0,50,50,http://162.55.220.72:5005/user_info_2,0,0,21047
1740266417185,21049,user_info_2,Non HTTP response code: org.apache.http.conn.HttpHostConnectException,Non HTTP response message: Connect to 162.55.220.72:5005 [/162.55.220.72] failed: Connection timed out: connect,50_threads 1-38,text,false,,2607,0,50,50,http://162.55.220.72:5005/user_info_2,0,0,21049
1740266417264,21049,user_info_2,Non HTTP response code: org.apache.http.conn.HttpHostConnectException,Non HTTP response message: Connect to 162.55.220.72:5005 [/162.55.220.72] failed: Connection timed out: connect,50_threads 1-40,text,false,,2607,0,50,50,http://162.55.220.72:5005/user_info_2,0,0,21049
1740266417294,21035,user_info_2,Non HTTP response code: org.apache.http.conn.HttpHostConnectException,Non HTTP response message: Connect to 162.55.220.72:5005 [/162.55.220.72] failed: Connection timed out: connect,50_threads 1-41,text,false,,2607,0,50,50,http://162.55.220.72:5005/user_info_2,0,0,21035
1740266417349,21042,user_info_2,Non HTTP response code: org.apache.http.conn.HttpHostConnectException,Non HTTP response message: Connect to 162.55.220.72:5005 [/162.55.220.72] failed: Connection timed out: connect,50_threads 1-42,text,false,,2607,0,50,50,http://162.55.220.72:5005/user_info_2,0,0,21042
1740266417388,21049,user_info_2,Non HTTP response code: org.apache.http.conn.HttpHostConnectException,Non HTTP response message: Connect to 162.55.220.72:5005 [/162.55.220.72] failed: Connection timed out: connect,50_threads 1-43,text,false,,2607,0,50,50,http://162.55.220.72:5005/user_info_2,0,0,21048
1740266417467,21047,user_info_2,Non HTTP response code: org.apache.http.conn.HttpHostConnectException,Non HTTP response message: Connect to 162.55.220.72:5005 [/162.55.220.72] failed: Connection timed out: connect,50_threads 1-45,text,false,,2607,0,50,50,http://162.55.220.72:5005/user_info_2,0,0,21047
1740266417545,21047,user_info_2,Non HTTP response code: org.apache.http.conn.HttpHostConnectException,Non HTTP response message: Connect to 162.55.220.72:5005 [/162.55.220.72] failed: Connection timed out: connect,50_threads 1-47,text,false,,2607,0,50,50,http://162.55.220.72:5005/user_info_2,0,0,21047
1740266417591,21049,user_info_2,Non HTTP response code: org.apache.http.conn.HttpHostConnectException,Non HTTP response message: Connect to 162.55.220.72:5005 [/162.55.220.72] failed: Connection timed out: connect,50_threads 1-48,text,false,,2607,0,50,50,http://162.55.220.72:5005/user_info_2,0,0,21049
1740266417668,21050,user_info_2,Non HTTP response code: org.apache.http.conn.HttpHostConnectException,Non HTTP response message: Connect to 162.55.220.72:5005 [/162.55.220.72] failed: Connection timed out: connect,50_threads 1-50,text,false,,2607,0,50,50,http://162.55.220.72:5005/user_info_2,0,0,21050
1740266419194,21025,user_info_3,Non HTTP response code: org.apache.http.conn.HttpHostConnectException,Non HTTP response message: Connect to 162.55.220.72:5005 [/162.55.220.72] failed: Connection timed out: connect,50_threads 1-10,text,false,,2607,0,50,50,http://162.55.220.72:5005/user_info_3,0,0,21025
1740266437737,3137,user_info_3,200,OK,50_threads 1-26,text,true,,370,813,50,50,http://162.55.220.72:5005/user_info_3,3137,0,3076
1740266423731,21023,user_info_3,Non HTTP response code: org.apache.http.conn.HttpHostConnectException,Non HTTP response message: Connect to 162.55.220.72:5005 [/162.55.220.72] failed: Connection timed out: connect,50_threads 1-23,text,false,,2607,0,50,50,http://162.55.220.72:5005/user_info_3,0,0,21023
1740266424005,21046,user_info_3,Non HTTP response code: org.apache.http.conn.HttpHostConnectException,Non HTTP response message: Connect to 162.55.220.72:5005 [/162.55.220.72] failed: Connection timed out: connect,50_threads 1-30,text,false,,2607,0,50,50,http://162.55.220.72:5005/user_info_3,0,0,21046
1740266425445,21052,object_info_2,Non HTTP response code: org.apache.http.conn.HttpHostConnectException,Non HTTP response message: Connect to 162.55.220.72:5005 [/162.55.220.72] failed: Connection timed out: connect,50_threads 1-11,text,false,,2607,0,50,50,http://162.55.220.72:5005/object_info_2?name=Maxim&age=33&salary=1500,0,0,21052
1740266427042,21026,object_info_1,Non HTTP response code: org.apache.http.conn.HttpHostConnectException,Non HTTP response message: Connect to 162.55.220.72:5005 [/162.55.220.72] failed: Connection timed out: connect,50_threads 1-29,text,false,,2607,0,50,50,http://162.55.220.72:5005/object_info_1?name=Maxim&age=33&weight=85,0,0,21026
1740266427480,21038,object_info_2,Non HTTP response code: org.apache.http.conn.HttpHostConnectException,Non HTTP response message: Connect to 162.55.220.72:5005 [/162.55.220.72] failed: Connection timed out: connect,50_threads 1-12,text,false,,2607,0,50,50,http://162.55.220.72:5005/object_info_2?name=Maxim&age=33&salary=1500,0,0,21038
1740266430109,21058,object_info_2,Non HTTP response code: org.apache.http.conn.HttpHostConnectException,Non HTTP response message: Connect to 162.55.220.72:5005 [/162.55.220.72] failed: Connection timed out: connect,50_threads 1-49,text,false,,2607,0,50,50,http://162.55.220.72:5005/object_info_2?name=Maxim&age=33&salary=1500,0,0,21058
1740266430890,21030,user_info_3,Non HTTP response code: org.apache.http.conn.HttpHostConnectException,Non HTTP response message: Connect to 162.55.220.72:5005 [/162.55.220.72] failed: Connection timed out: connect,50_threads 1-2,text,false,,2607,0,50,50,http://162.55.220.72:5005/user_info_3,0,0,21030
1740266431326,21045,user_info_3,Non HTTP response code: org.apache.http.conn.HttpHostConnectException,Non HTTP response message: Connect to 162.55.220.72:5005 [/162.55.220.72] failed: Connection timed out: connect,50_threads 1-13,text,false,,2607,0,50,50,http://162.55.220.72:5005/user_info_3,0,0,21045
1740266432644,21053,user_info_3,Non HTTP response code: org.apache.http.conn.HttpHostConnectException,Non HTTP response message: Connect to 162.55.220.72:5005 [/162.55.220.72] failed: Connection timed out: connect,50_threads 1-46,text,false,,2607,0,50,50,http://162.55.220.72:5005/user_info_3,0,0,21053
1740266432937,21042,object_info_1,Non HTTP response code: org.apache.http.conn.HttpHostConnectException,Non HTTP response message: Connect to 162.55.220.72:5005 [/162.55.220.72] failed: Connection timed out: connect,50_threads 1-25,text,false,,2607,0,50,50,http://162.55.220.72:5005/object_info_1?name=Maxim&age=33&weight=85,0,0,21042
1740266451168,3128,object_info_3,200,OK,50_threads 1-49,text,true,,525,163,50,50,http://162.55.220.72:5005/object_info_3?name=Maxim&age=33&salary=1500,3128,0,3076
1740266433458,21016,object_info_1,Non HTTP response code: org.apache.http.conn.HttpHostConnectException,Non HTTP response message: Connect to 162.55.220.72:5005 [/162.55.220.72] failed: Connection timed out: connect,50_threads 1-39,text,false,,2607,0,50,50,http://162.55.220.72:5005/object_info_1?name=Maxim&age=33&weight=85,0,0,21016
1740266434917,21045,object_info_3,Non HTTP response code: org.apache.http.conn.HttpHostConnectException,Non HTTP response message: Connect to 162.55.220.72:5005 [/162.55.220.72] failed: Connection timed out: connect,50_threads 1-44,text,false,,2607,0,50,50,http://162.55.220.72:5005/object_info_3?name=Maxim&age=33&salary=1500,0,0,21045
1740266436725,21026,user_info_3,Non HTTP response code: org.apache.http.conn.HttpHostConnectException,Non HTTP response message: Connect to 162.55.220.72:5005 [/162.55.220.72] failed: Connection timed out: connect,50_threads 1-1,text,false,,2607,0,50,50,http://162.55.220.72:5005/user_info_3,0,0,21026
1740266436865,21024,user_info_3,Non HTTP response code: org.apache.http.conn.HttpHostConnectException,Non HTTP response message: Connect to 162.55.220.72:5005 [/162.55.220.72] failed: Connection timed out: connect,50_threads 1-4,text,false,,2607,0,50,50,http://162.55.220.72:5005/user_info_3,0,0,21024
1740266436912,21024,user_info_3,Non HTTP response code: org.apache.http.conn.HttpHostConnectException,Non HTTP response message: Connect to 162.55.220.72:5005 [/162.55.220.72] failed: Connection timed out: connect,50_threads 1-5,text,false,,2607,0,50,50,http://162.55.220.72:5005/user_info_3,0,0,21024
1740266436943,21024,user_info_3,Non HTTP response code: org.apache.http.conn.HttpHostConnectException,Non HTTP response message: Connect to 162.55.220.72:5005 [/162.55.220.72] failed: Connection timed out: connect,50_threads 1-6,text,false,,2607,0,50,50,http://162.55.220.72:5005/user_info_3,0,0,21024
1740266436946,21021,object_info_1,Non HTTP response code: org.apache.http.conn.HttpHostConnectException,Non HTTP response message: Connect to 162.55.220.72:5005 [/162.55.220.72] failed: Connection timed out: connect,50_threads 1-3,text,false,,2607,0,50,50,http://162.55.220.72:5005/object_info_1?name=Maxim&age=33&weight=85,0,0,21021
1740266437022,21024,user_info_3,Non HTTP response code: org.apache.http.conn.HttpHostConnectException,Non HTTP response message: Connect to 162.55.220.72:5005 [/162.55.220.72] failed: Connection timed out: connect,50_threads 1-8,text,false,,2607,0,50,50,http://162.55.220.72:5005/user_info_3,0,0,21024
1740266437069,21025,user_info_3,Non HTTP response code: org.apache.http.conn.HttpHostConnectException,Non HTTP response message: Connect to 162.55.220.72:5005 [/162.55.220.72] failed: Connection timed out: connect,50_threads 1-9,text,false,,2607,0,50,50,http://162.55.220.72:5005/user_info_3,0,0,21025
1740266437101,21024,object_info_1,Non HTTP response code: org.apache.http.conn.HttpHostConnectException,Non HTTP response message: Connect to 162.55.220.72:5005 [/162.55.220.72] failed: Connection timed out: connect,50_threads 1-7,text,false,,2607,0,50,50,http://162.55.220.72:5005/object_info_1?name=Maxim&age=33&weight=85,0,0,21024
1740266437272,21038,user_info_3,Non HTTP response code: org.apache.http.conn.HttpHostConnectException,Non HTTP response message: Connect to 162.55.220.72:5005 [/162.55.220.72] failed: Connection timed out: connect,50_threads 1-14,text,false,,2607,0,50,50,http://162.55.220.72:5005/user_info_3,0,0,21038
1740266437318,21039,user_info_3,Non HTTP response code: org.apache.http.conn.HttpHostConnectException,Non HTTP response message: Connect to 162.55.220.72:5005 [/162.55.220.72] failed: Connection timed out: connect,50_threads 1-15,text,false,,2607,0,50,50,http://162.55.220.72:5005/user_info_3,0,0,21039
1740266437351,21038,user_info_3,Non HTTP response code: org.apache.http.conn.HttpHostConnectException,Non HTTP response message: Connect to 162.55.220.72:5005 [/162.55.220.72] failed: Connection timed out: connect,50_threads 1-16,text,false,,2607,0,50,50,http://162.55.220.72:5005/user_info_3,0,0,21038
1740266437381,21039,user_info_3,Non HTTP response code: org.apache.http.conn.HttpHostConnectException,Non HTTP response message: Connect to 162.55.220.72:5005 [/162.55.220.72] failed: Connection timed out: connect,50_threads 1-17,text,false,,2607,0,50,50,http://162.55.220.72:5005/user_info_3,0,0,21039
1740266437411,21040,user_info_3,Non HTTP response code: org.apache.http.conn.HttpHostConnectException,Non HTTP response message: Connect to 162.55.220.72:5005 [/162.55.220.72] failed: Connection timed out: connect,50_threads 1-18,text,false,,2607,0,50,50,http://162.55.220.72:5005/user_info_3,0,0,21040
1740266437457,21025,user_info_3,Non HTTP response code: org.apache.http.conn.HttpHostConnectException,Non HTTP response message: Connect to 162.55.220.72:5005 [/162.55.220.72] failed: Connection timed out: connect,50_threads 1-19,text,false,,2607,0,50,50,http://162.55.220.72:5005/user_info_3,0,0,21025
1740266437519,21025,user_info_3,Non HTTP response code: org.apache.http.conn.HttpHostConnectException,Non HTTP response message: Connect to 162.55.220.72:5005 [/162.55.220.72] failed: Connection timed out: connect,50_threads 1-21,text,false,,2607,0,50,50,http://162.55.220.72:5005/user_info_3,0,0,21025
1740266437519,21025,user_info_3,Non HTTP response code: org.apache.http.conn.HttpHostConnectException,Non HTTP response message: Connect to 162.55.220.72:5005 [/162.55.220.72] failed: Connection timed out: connect,50_threads 1-20,text,false,,2607,0,50,50,http://162.55.220.72:5005/user_info_3,0,0,21025
1740266437581,21024,user_info_3,Non HTTP response code: org.apache.http.conn.HttpHostConnectException,Non HTTP response message: Connect to 162.55.220.72:5005 [/162.55.220.72] failed: Connection timed out: connect,50_threads 1-22,text,false,,2607,0,50,50,http://162.55.220.72:5005/user_info_3,0,0,21024
1740266437659,21039,user_info_3,Non HTTP response code: org.apache.http.conn.HttpHostConnectException,Non HTTP response message: Connect to 162.55.220.72:5005 [/162.55.220.72] failed: Connection timed out: connect,50_threads 1-24,text,false,,2607,0,50,50,http://162.55.220.72:5005/user_info_3,0,0,21039
1740266437784,21038,user_info_3,Non HTTP response code: org.apache.http.conn.HttpHostConnectException,Non HTTP response message: Connect to 162.55.220.72:5005 [/162.55.220.72] failed: Connection timed out: connect,50_threads 1-27,text,false,,2607,0,50,50,http://162.55.220.72:5005/user_info_3,0,0,21038
1740266437831,21021,user_info_3,Non HTTP response code: org.apache.http.conn.HttpHostConnectException,Non HTTP response message: Connect to 162.55.220.72:5005 [/162.55.220.72] failed: Connection timed out: connect,50_threads 1-28,text,false,,2607,0,50,50,http://162.55.220.72:5005/user_info_3,0,0,21021
1740266437938,21055,user_info_3,Non HTTP response code: org.apache.http.conn.HttpHostConnectException,Non HTTP response message: Connect to 162.55.220.72:5005 [/162.55.220.72] failed: Connection timed out: connect,50_threads 1-31,text,false,,2607,0,50,50,http://162.55.220.72:5005/user_info_3,0,0,21055
1740266457889,1114,object_info_1,200,OK,50_threads 1-4,text,true,,230,161,50,50,http://162.55.220.72:5005/object_info_1?name=Maxim&age=33&weight=85,1114,0,1059
1740266438000,21055,user_info_3,Non HTTP response code: org.apache.http.conn.HttpHostConnectException,Non HTTP response message: Connect to 162.55.220.72:5005 [/162.55.220.72] failed: Connection timed out: connect,50_threads 1-32,text,false,,2607,0,50,50,http://162.55.220.72:5005/user_info_3,0,0,21055
1740266438047,21040,user_info_3,Non HTTP response code: org.apache.http.conn.HttpHostConnectException,Non HTTP response message: Connect to 162.55.220.72:5005 [/162.55.220.72] failed: Connection timed out: connect,50_threads 1-33,text,false,,2607,0,50,50,http://162.55.220.72:5005/user_info_3,0,0,21040
1740266438078,21040,user_info_3,Non HTTP response code: org.apache.http.conn.HttpHostConnectException,Non HTTP response message: Connect to 162.55.220.72:5005 [/162.55.220.72] failed: Connection timed out: connect,50_threads 1-34,text,false,,2607,0,50,50,http://162.55.220.72:5005/user_info_3,0,0,21040
1740266438124,21041,user_info_3,Non HTTP response code: org.apache.http.conn.HttpHostConnectException,Non HTTP response message: Connect to 162.55.220.72:5005 [/162.55.220.72] failed: Connection timed out: connect,50_threads 1-35,text,false,,2607,0,50,50,http://162.55.220.72:5005/user_info_3,0,0,21041
1740266438140,21040,user_info_3,Non HTTP response code: org.apache.http.conn.HttpHostConnectException,Non HTTP response message: Connect to 162.55.220.72:5005 [/162.55.220.72] failed: Connection timed out: connect,50_threads 1-36,text,false,,2607,0,50,50,http://162.55.220.72:5005/user_info_3,0,0,21040
1740266438186,21056,user_info_3,Non HTTP response code: org.apache.http.conn.HttpHostConnectException,Non HTTP response message: Connect to 162.55.220.72:5005 [/162.55.220.72] failed: Connection timed out: connect,50_threads 1-37,text,false,,2607,0,50,50,http://162.55.220.72:5005/user_info_3,0,0,21056
1740266438233,21040,user_info_3,Non HTTP response code: org.apache.http.conn.HttpHostConnectException,Non HTTP response message: Connect to 162.55.220.72:5005 [/162.55.220.72] failed: Connection timed out: connect,50_threads 1-38,text,false,,2607,0,50,50,http://162.55.220.72:5005/user_info_3,0,0,21040
1740266438312,21053,user_info_3,Non HTTP response code: org.apache.http.conn.HttpHostConnectException,Non HTTP response message: Connect to 162.55.220.72:5005 [/162.55.220.72] failed: Connection timed out: connect,50_threads 1-40,text,false,,2607,0,50,50,http://162.55.220.72:5005/user_info_3,0,0,21053
1740266438343,21053,user_info_3,Non HTTP response code: org.apache.http.conn.HttpHostConnectException,Non HTTP response message: Connect to 162.55.220.72:5005 [/162.55.220.72] failed: Connection timed out: connect,50_threads 1-41,text,false,,2607,0,50,50,http://162.55.220.72:5005/user_info_3,0,0,21053
1740266438391,21056,user_info_3,Non HTTP response code: org.apache.http.conn.HttpHostConnectException,Non HTTP response message: Connect to 162.55.220.72:5005 [/162.55.220.72] failed: Connection timed out: connect,50_threads 1-42,text,false,,2607,0,50,50,http://162.55.220.72:5005/user_info_3,0,0,21056
1740266438436,21054,user_info_3,Non HTTP response code: org.apache.http.conn.HttpHostConnectException,Non HTTP response message: Connect to 162.55.220.72:5005 [/162.55.220.72] failed: Connection timed out: connect,50_threads 1-43,text,false,,2607,0,50,50,http://162.55.220.72:5005/user_info_3,0,0,21054
1740266438513,21038,user_info_3,Non HTTP response code: org.apache.http.conn.HttpHostConnectException,Non HTTP response message: Connect to 162.55.220.72:5005 [/162.55.220.72] failed: Connection timed out: connect,50_threads 1-45,text,false,,2607,0,50,50,http://162.55.220.72:5005/user_info_3,0,0,21038
1740266438591,21038,user_info_3,Non HTTP response code: org.apache.http.conn.HttpHostConnectException,Non HTTP response message: Connect to 162.55.220.72:5005 [/162.55.220.72] failed: Connection timed out: connect,50_threads 1-47,text,false,,2607,0,50,50,http://162.55.220.72:5005/user_info_3,0,0,21038
1740266438639,21036,user_info_3,Non HTTP response code: org.apache.http.conn.HttpHostConnectException,Non HTTP response message: Connect to 162.55.220.72:5005 [/162.55.220.72] failed: Connection timed out: connect,50_threads 1-48,text,false,,2607,0,50,50,http://162.55.220.72:5005/user_info_3,0,0,21036
1740266438717,21035,user_info_3,Non HTTP response code: org.apache.http.conn.HttpHostConnectException,Non HTTP response message: Connect to 162.55.220.72:5005 [/162.55.220.72] failed: Connection timed out: connect,50_threads 1-50,text,false,,2607,0,50,50,http://162.55.220.72:5005/user_info_3,0,0,21035
1740266459398,1117,object_info_1,200,OK,50_threads 1-41,text,true,,230,161,50,50,http://162.55.220.72:5005/object_info_1?name=Maxim&age=33&weight=85,1117,0,1063
1740266440219,21048,object_info_1,Non HTTP response code: org.apache.http.conn.HttpHostConnectException,Non HTTP response message: Connect to 162.55.220.72:5005 [/162.55.220.72] failed: Connection timed out: connect,50_threads 1-10,text,false,,2607,0,50,50,http://162.55.220.72:5005/object_info_1?name=Maxim&age=33&weight=85,0,0,21048
1740266461269,107,object_info_2,200,OK,50_threads 1-10,text,true,,476,163,50,50,http://162.55.220.72:5005/object_info_2?name=Maxim&age=33&salary=1500,107,0,51
1740266440873,21050,object_info_1,Non HTTP response code: org.apache.http.conn.HttpHostConnectException,Non HTTP response message: Connect to 162.55.220.72:5005 [/162.55.220.72] failed: Connection timed out: connect,50_threads 1-26,text,false,,2607,0,50,50,http://162.55.220.72:5005/object_info_1?name=Maxim&age=33&weight=85,0,0,21050
1740266460515,3110,object_info_2,200,OK,50_threads 1-41,text,true,,476,163,50,50,http://162.55.220.72:5005/object_info_2?name=Maxim&age=33&salary=1500,3110,0,3058
1740266461389,3110,object_info_3,200,OK,50_threads 1-10,text,true,,525,163,50,50,http://162.55.220.72:5005/object_info_3?name=Maxim&age=33&salary=1500,3110,0,3057
1740266444754,21039,object_info_1,Non HTTP response code: org.apache.http.conn.HttpHostConnectException,Non HTTP response message: Connect to 162.55.220.72:5005 [/162.55.220.72] failed: Connection timed out: connect,50_threads 1-23,text,false,,2607,0,50,50,http://162.55.220.72:5005/object_info_1?name=Maxim&age=33&weight=85,0,0,21039
1740266445050,21041,object_info_1,Non HTTP response code: org.apache.http.conn.HttpHostConnectException,Non HTTP response message: Connect to 162.55.220.72:5005 [/162.55.220.72] failed: Connection timed out: connect,50_threads 1-30,text,false,,2607,0,50,50,http://162.55.220.72:5005/object_info_1?name=Maxim&age=33&weight=85,0,0,21041
1740266446497,21045,object_info_3,Non HTTP response code: org.apache.http.conn.HttpHostConnectException,Non HTTP response message: Connect to 162.55.220.72:5005 [/162.55.220.72] failed: Connection timed out: connect,50_threads 1-11,text,false,,2607,0,50,50,http://162.55.220.72:5005/object_info_3?name=Maxim&age=33&salary=1500,0,0,21045
1740266461924,7124,object_info_2,200,OK,50_threads 1-26,text,true,,476,163,50,50,http://162.55.220.72:5005/object_info_2?name=Maxim&age=33&salary=1500,7123,0,7071
1740266448069,21048,object_info_2,Non HTTP response code: org.apache.http.conn.HttpHostConnectException,Non HTTP response message: Connect to 162.55.220.72:5005 [/162.55.220.72] failed: Connection timed out: connect,50_threads 1-29,text,false,,2607,0,50,50,http://162.55.220.72:5005/object_info_2?name=Maxim&age=33&salary=1500,0,0,21048
1740266448519,21037,object_info_3,Non HTTP response code: org.apache.http.conn.HttpHostConnectException,Non HTTP response message: Connect to 162.55.220.72:5005 [/162.55.220.72] failed: Connection timed out: connect,50_threads 1-12,text,false,,2607,0,50,50,http://162.55.220.72:5005/object_info_3?name=Maxim&age=33&salary=1500,0,0,21037
1740266464499,7145,object_info_4,200,OK,50_threads 1-10,text,true,,237,163,50,50,http://162.55.220.72:5005/object_info_4?name=Maxim&age=33&salary=1500,7145,0,7091
1740266469048,3123,object_info_3,200,OK,50_threads 1-26,text,true,,525,163,50,50,http://162.55.220.72:5005/object_info_3?name=Maxim&age=33&salary=1500,3123,0,3069
1740266451920,21035,object_info_1,Non HTTP response code: org.apache.http.conn.HttpHostConnectException,Non HTTP response message: Connect to 162.55.220.72:5005 [/162.55.220.72] failed: Connection timed out: connect,50_threads 1-2,text,false,,2607,0,50,50,http://162.55.220.72:5005/object_info_1?name=Maxim&age=33&weight=85,0,0,21035
1740266452371,21035,object_info_1,Non HTTP response code: org.apache.http.conn.HttpHostConnectException,Non HTTP response message: Connect to 162.55.220.72:5005 [/162.55.220.72] failed: Connection timed out: connect,50_threads 1-13,text,false,,2607,0,50,50,http://162.55.220.72:5005/object_info_1?name=Maxim&age=33&weight=85,0,0,21035
1740266453697,21035,object_info_1,Non HTTP response code: org.apache.http.conn.HttpHostConnectException,Non HTTP response message: Connect to 162.55.220.72:5005 [/162.55.220.72] failed: Connection timed out: connect,50_threads 1-46,text,false,,2607,0,50,50,http://162.55.220.72:5005/object_info_1?name=Maxim&age=33&weight=85,0,0,21035
1740266453980,21030,object_info_2,Non HTTP response code: org.apache.http.conn.HttpHostConnectException,Non HTTP response message: Connect to 162.55.220.72:5005 [/162.55.220.72] failed: Connection timed out: connect,50_threads 1-25,text,false,,2607,0,50,50,http://162.55.220.72:5005/object_info_2?name=Maxim&age=33&salary=1500,0,0,21030
1740266454296,21027,object_info_4,Non HTTP response code: org.apache.http.conn.HttpHostConnectException,Non HTTP response message: Connect to 162.55.220.72:5005 [/162.55.220.72] failed: Connection timed out: connect,50_threads 1-49,text,false,,2607,0,50,50,http://162.55.220.72:5005/object_info_4?name=Maxim&age=33&salary=1500,0,0,21027
1740266475324,105,get_method,200,OK,50_threads 1-49,text,true,,169,148,50,50,http://162.55.220.72:5005/get_method?name=Maxim&age=33,105,0,51
1740266454474,21039,object_info_2,Non HTTP response code: org.apache.http.conn.HttpHostConnectException,Non HTTP response message: Connect to 162.55.220.72:5005 [/162.55.220.72] failed: Connection timed out: connect,50_threads 1-39,text,false,,2607,0,50,50,http://162.55.220.72:5005/object_info_2?name=Maxim&age=33&salary=1500,0,0,21039
1740266475429,113,user_info_2,200,OK,50_threads 1-49,text,true,,476,798,50,50,http://162.55.220.72:5005/user_info_2,113,0,52
1740266455963,21028,object_info_4,Non HTTP response code: org.apache.http.conn.HttpHostConnectException,Non HTTP response message: Connect to 162.55.220.72:5005 [/162.55.220.72] failed: Connection timed out: connect,50_threads 1-44,text,false,,2607,0,50,50,http://162.55.220.72:5005/object_info_4?name=Maxim&age=33&salary=1500,0,0,21028
1740266474733,3120,object_info_2,200,OK,50_threads 1-46,text,true,,476,163,50,50,http://162.55.220.72:5005/object_info_2?name=Maxim&age=33&salary=1500,3120,0,3067
1740266457752,21025,object_info_1,Non HTTP response code: org.apache.http.conn.HttpHostConnectException,Non HTTP response message: Connect to 162.55.220.72:5005 [/162.55.220.72] failed: Connection timed out: connect,50_threads 1-1,text,false,,2607,0,50,50,http://162.55.220.72:5005/object_info_1?name=Maxim&age=33&weight=85,0,0,21025
1740266457936,21043,object_info_1,Non HTTP response code: org.apache.http.conn.HttpHostConnectException,Non HTTP response message: Connect to 162.55.220.72:5005 [/162.55.220.72] failed: Connection timed out: connect,50_threads 1-5,text,false,,2607,0,50,50,http://162.55.220.72:5005/object_info_1?name=Maxim&age=33&weight=85,0,0,21043
1740266457967,21043,object_info_1,Non HTTP response code: org.apache.http.conn.HttpHostConnectException,Non HTTP response message: Connect to 162.55.220.72:5005 [/162.55.220.72] failed: Connection timed out: connect,50_threads 1-6,text,false,,2607,0,50,50,http://162.55.220.72:5005/object_info_1?name=Maxim&age=33&weight=85,0,0,21043
1740266457967,21059,object_info_2,Non HTTP response code: org.apache.http.conn.HttpHostConnectException,Non HTTP response message: Connect to 162.55.220.72:5005 [/162.55.220.72] failed: Connection timed out: connect,50_threads 1-3,text,false,,2607,0,50,50,http://162.55.220.72:5005/object_info_2?name=Maxim&age=33&salary=1500,0,0,21059
1740266458046,21042,object_info_1,Non HTTP response code: org.apache.http.conn.HttpHostConnectException,Non HTTP response message: Connect to 162.55.220.72:5005 [/162.55.220.72] failed: Connection timed out: connect,50_threads 1-8,text,false,,2607,0,50,50,http://162.55.220.72:5005/object_info_1?name=Maxim&age=33&weight=85,0,0,21042
1740266458094,21056,object_info_1,Non HTTP response code: org.apache.http.conn.HttpHostConnectException,Non HTTP response message: Connect to 162.55.220.72:5005 [/162.55.220.72] failed: Connection timed out: connect,50_threads 1-9,text,false,,2607,0,50,50,http://162.55.220.72:5005/object_info_1?name=Maxim&age=33&weight=85,0,0,21056
1740266458125,21041,object_info_2,Non HTTP response code: org.apache.http.conn.HttpHostConnectException,Non HTTP response message: Connect to 162.55.220.72:5005 [/162.55.220.72] failed: Connection timed out: connect,50_threads 1-7,text,false,,2607,0,50,50,http://162.55.220.72:5005/object_info_2?name=Maxim&age=33&salary=1500,0,0,21041
1740266458320,21050,object_info_1,Non HTTP response code: org.apache.http.conn.HttpHostConnectException,Non HTTP response message: Connect to 162.55.220.72:5005 [/162.55.220.72] failed: Connection timed out: connect,50_threads 1-14,text,false,,2607,0,50,50,http://162.55.220.72:5005/object_info_1?name=Maxim&age=33&weight=85,0,0,21050
1740266458357,21045,object_info_1,Non HTTP response code: org.apache.http.conn.HttpHostConnectException,Non HTTP response message: Connect to 162.55.220.72:5005 [/162.55.220.72] failed: Connection timed out: connect,50_threads 1-15,text,false,,2607,0,50,50,http://162.55.220.72:5005/object_info_1?name=Maxim&age=33&weight=85,0,0,21045
1740266458389,21045,object_info_1,Non HTTP response code: org.apache.http.conn.HttpHostConnectException,Non HTTP response message: Connect to 162.55.220.72:5005 [/162.55.220.72] failed: Connection timed out: connect,50_threads 1-16,text,false,,2607,0,50,50,http://162.55.220.72:5005/object_info_1?name=Maxim&age=33&weight=85,0,0,21045
1740266458421,21045,object_info_1,Non HTTP response code: org.apache.http.conn.HttpHostConnectException,Non HTTP response message: Connect to 162.55.220.72:5005 [/162.55.220.72] failed: Connection timed out: connect,50_threads 1-17,text,false,,2607,0,50,50,http://162.55.220.72:5005/object_info_1?name=Maxim&age=33&weight=85,0,0,21045
1740266458451,21045,object_info_1,Non HTTP response code: org.apache.http.conn.HttpHostConnectException,Non HTTP response message: Connect to 162.55.220.72:5005 [/162.55.220.72] failed: Connection timed out: connect,50_threads 1-18,text,false,,2607,0,50,50,http://162.55.220.72:5005/object_info_1?name=Maxim&age=33&weight=85,0,0,21045
1740266458483,21044,object_info_1,Non HTTP response code: org.apache.http.conn.HttpHostConnectException,Non HTTP response message: Connect to 162.55.220.72:5005 [/162.55.220.72] failed: Connection timed out: connect,50_threads 1-19,text,false,,2607,0,50,50,http://162.55.220.72:5005/object_info_1?name=Maxim&age=33&weight=85,0,0,21044
1740266458544,21045,object_info_1,Non HTTP response code: org.apache.http.conn.HttpHostConnectException,Non HTTP response message: Connect to 162.55.220.72:5005 [/162.55.220.72] failed: Connection timed out: connect,50_threads 1-20,text,false,,2607,0,50,50,http://162.55.220.72:5005/object_info_1?name=Maxim&age=33&weight=85,0,0,21045
1740266458544,21045,object_info_1,Non HTTP response code: org.apache.http.conn.HttpHostConnectException,Non HTTP response message: Connect to 162.55.220.72:5005 [/162.55.220.72] failed: Connection timed out: connect,50_threads 1-21,text,false,,2607,0,50,50,http://162.55.220.72:5005/object_info_1?name=Maxim&age=33&weight=85,0,0,21045
1740266458606,21061,object_info_1,Non HTTP response code: org.apache.http.conn.HttpHostConnectException,Non HTTP response message: Connect to 162.55.220.72:5005 [/162.55.220.72] failed: Connection timed out: connect,50_threads 1-22,text,false,,2607,0,50,50,http://162.55.220.72:5005/object_info_1?name=Maxim&age=33&weight=85,0,0,21061
1740266458698,21046,object_info_1,Non HTTP response code: org.apache.http.conn.HttpHostConnectException,Non HTTP response message: Connect to 162.55.220.72:5005 [/162.55.220.72] failed: Connection timed out: connect,50_threads 1-24,text,false,,2607,0,50,50,http://162.55.220.72:5005/object_info_1?name=Maxim&age=33&weight=85,0,0,21046
1740266458832,21051,object_info_1,Non HTTP response code: org.apache.http.conn.HttpHostConnectException,Non HTTP response message: Connect to 162.55.220.72:5005 [/162.55.220.72] failed: Connection timed out: connect,50_threads 1-27,text,false,,2607,0,50,50,http://162.55.220.72:5005/object_info_1?name=Maxim&age=33&weight=85,0,0,21051
1740266458853,21046,object_info_1,Non HTTP response code: org.apache.http.conn.HttpHostConnectException,Non HTTP response message: Connect to 162.55.220.72:5005 [/162.55.220.72] failed: Connection timed out: connect,50_threads 1-28,text,false,,2607,0,50,50,http://162.55.220.72:5005/object_info_1?name=Maxim&age=33&weight=85,0,0,21046
1740266459003,21036,object_info_2,Non HTTP response code: org.apache.http.conn.HttpHostConnectException,Non HTTP response message: Connect to 162.55.220.72:5005 [/162.55.220.72] failed: Connection timed out: connect,50_threads 1-4,text,false,,2607,0,50,50,http://162.55.220.72:5005/object_info_2?name=Maxim&age=33&salary=1500,0,0,21036
1740266458994,21045,object_info_1,Non HTTP response code: org.apache.http.conn.HttpHostConnectException,Non HTTP response message: Connect to 162.55.220.72:5005 [/162.55.220.72] failed: Connection timed out: connect,50_threads 1-31,text,false,,2607,0,50,50,http://162.55.220.72:5005/object_info_1?name=Maxim&age=33&weight=85,0,0,21045
1740266459057,21043,object_info_1,Non HTTP response code: org.apache.http.conn.HttpHostConnectException,Non HTTP response message: Connect to 162.55.220.72:5005 [/162.55.220.72] failed: Connection timed out: connect,50_threads 1-32,text,false,,2607,0,50,50,http://162.55.220.72:5005/object_info_1?name=Maxim&age=33&weight=85,0,0,21043
1740266459088,21043,object_info_1,Non HTTP response code: org.apache.http.conn.HttpHostConnectException,Non HTTP response message: Connect to 162.55.220.72:5005 [/162.55.220.72] failed: Connection timed out: connect,50_threads 1-33,text,false,,2607,0,50,50,http://162.55.220.72:5005/object_info_1?name=Maxim&age=33&weight=85,0,0,21043
1740266459119,21042,object_info_1,Non HTTP response code: org.apache.http.conn.HttpHostConnectException,Non HTTP response message: Connect to 162.55.220.72:5005 [/162.55.220.72] failed: Connection timed out: connect,50_threads 1-34,text,false,,2607,0,50,50,http://162.55.220.72:5005/object_info_1?name=Maxim&age=33&weight=85,0,0,21042
1740266459166,21042,object_info_1,Non HTTP response code: org.apache.http.conn.HttpHostConnectException,Non HTTP response message: Connect to 162.55.220.72:5005 [/162.55.220.72] failed: Connection timed out: connect,50_threads 1-35,text,false,,2607,0,50,50,http://162.55.220.72:5005/object_info_1?name=Maxim&age=33&weight=85,0,0,21042
1740266459181,21042,object_info_1,Non HTTP response code: org.apache.http.conn.HttpHostConnectException,Non HTTP response message: Connect to 162.55.220.72:5005 [/162.55.220.72] failed: Connection timed out: connect,50_threads 1-36,text,false,,2607,0,50,50,http://162.55.220.72:5005/object_info_1?name=Maxim&age=33&weight=85,0,0,21042
1740266459243,21041,object_info_1,Non HTTP response code: org.apache.http.conn.HttpHostConnectException,Non HTTP response message: Connect to 162.55.220.72:5005 [/162.55.220.72] failed: Connection timed out: connect,50_threads 1-37,text,false,,2607,0,50,50,http://162.55.220.72:5005/object_info_1?name=Maxim&age=33&weight=85,0,0,21041
1740266459275,21040,object_info_1,Non HTTP response code: org.apache.http.conn.HttpHostConnectException,Non HTTP response message: Connect to 162.55.220.72:5005 [/162.55.220.72] failed: Connection timed out: connect,50_threads 1-38,text,false,,2607,0,50,50,http://162.55.220.72:5005/object_info_1?name=Maxim&age=33&weight=85,0,0,21040
1740266459366,21044,object_info_1,Non HTTP response code: org.apache.http.conn.HttpHostConnectException,Non HTTP response message: Connect to 162.55.220.72:5005 [/162.55.220.72] failed: Connection timed out: connect,50_threads 1-40,text,false,,2607,0,50,50,http://162.55.220.72:5005/object_info_1?name=Maxim&age=33&weight=85,0,0,21044
1740266459448,21055,object_info_1,Non HTTP response code: org.apache.http.conn.HttpHostConnectException,Non HTTP response message: Connect to 162.55.220.72:5005 [/162.55.220.72] failed: Connection timed out: connect,50_threads 1-42,text,false,,2607,0,50,50,http://162.55.220.72:5005/object_info_1?name=Maxim&age=33&weight=85,0,0,21055
1740266459491,21059,object_info_1,Non HTTP response code: org.apache.http.conn.HttpHostConnectException,Non HTTP response message: Connect to 162.55.220.72:5005 [/162.55.220.72] failed: Connection timed out: connect,50_threads 1-43,text,false,,2607,0,50,50,http://162.55.220.72:5005/object_info_1?name=Maxim&age=33&weight=85,0,0,21059
1740266459553,21060,object_info_1,Non HTTP response code: org.apache.http.conn.HttpHostConnectException,Non HTTP response message: Connect to 162.55.220.72:5005 [/162.55.220.72] failed: Connection timed out: connect,50_threads 1-45,text,false,,2607,0,50,50,http://162.55.220.72:5005/object_info_1?name=Maxim&age=33&weight=85,0,0,21060
1740266459631,21060,object_info_1,Non HTTP response code: org.apache.http.conn.HttpHostConnectException,Non HTTP response message: Connect to 162.55.220.72:5005 [/162.55.220.72] failed: Connection timed out: connect,50_threads 1-47,text,false,,2607,0,50,50,http://162.55.220.72:5005/object_info_1?name=Maxim&age=33&weight=85,0,0,21060
1740266459676,21048,object_info_1,Non HTTP response code: org.apache.http.conn.HttpHostConnectException,Non HTTP response message: Connect to 162.55.220.72:5005 [/162.55.220.72] failed: Connection timed out: connect,50_threads 1-48,text,false,,2607,0,50,50,http://162.55.220.72:5005/object_info_1?name=Maxim&age=33&weight=85,0,0,21048
1740266459753,21049,object_info_1,Non HTTP response code: org.apache.http.conn.HttpHostConnectException,Non HTTP response message: Connect to 162.55.220.72:5005 [/162.55.220.72] failed: Connection timed out: connect,50_threads 1-50,text,false,,2607,0,50,50,http://162.55.220.72:5005/object_info_1?name=Maxim&age=33&weight=85,0,0,21049
1740266463624,21041,object_info_3,Non HTTP response code: org.apache.http.conn.HttpHostConnectException,Non HTTP response message: Connect to 162.55.220.72:5005 [/162.55.220.72] failed: Connection timed out: connect,50_threads 1-41,text,false,,2607,0,50,50,http://162.55.220.72:5005/object_info_3?name=Maxim&age=33&salary=1500,0,0,21041
1740266484666,105,object_info_4,200,OK,50_threads 1-41,text,true,,237,163,50,50,http://162.55.220.72:5005/object_info_4?name=Maxim&age=33&salary=1500,105,0,52
1740266465794,21049,object_info_2,Non HTTP response code: org.apache.http.conn.HttpHostConnectException,Non HTTP response message: Connect to 162.55.220.72:5005 [/162.55.220.72] failed: Connection timed out: connect,50_threads 1-23,text,false,,2607,0,50,50,http://162.55.220.72:5005/object_info_2?name=Maxim&age=33&salary=1500,0,0,21049
1740266466091,21051,object_info_2,Non HTTP response code: org.apache.http.conn.HttpHostConnectException,Non HTTP response message: Connect to 162.55.220.72:5005 [/162.55.220.72] failed: Connection timed out: connect,50_threads 1-30,text,false,,2607,0,50,50,http://162.55.220.72:5005/object_info_2?name=Maxim&age=33&salary=1500,0,0,21051
1740266473407,15145,object_info_2,200,OK,50_threads 1-13,text,true,,476,163,50,50,http://162.55.220.72:5005/object_info_2?name=Maxim&age=33&salary=1500,15145,0,15091
1740266467543,21046,object_info_4,Non HTTP response code: org.apache.http.conn.HttpHostConnectException,Non HTTP response message: Connect to 162.55.220.72:5005 [/162.55.220.72] failed: Connection timed out: connect,50_threads 1-11,text,false,,2607,0,50,50,http://162.55.220.72:5005/object_info_4?name=Maxim&age=33&salary=1500,0,0,21046
1740266469117,21044,object_info_3,Non HTTP response code: org.apache.http.conn.HttpHostConnectException,Non HTTP response message: Connect to 162.55.220.72:5005 [/162.55.220.72] failed: Connection timed out: connect,50_threads 1-29,text,false,,2607,0,50,50,http://162.55.220.72:5005/object_info_3?name=Maxim&age=33&salary=1500,0,0,21044
1740266469566,21031,object_info_4,Non HTTP response code: org.apache.http.conn.HttpHostConnectException,Non HTTP response message: Connect to 162.55.220.72:5005 [/162.55.220.72] failed: Connection timed out: connect,50_threads 1-12,text,false,,2607,0,50,50,http://162.55.220.72:5005/object_info_4?name=Maxim&age=33&salary=1500,0,0,21031
1740266471646,21038,get_method,Non HTTP response code: org.apache.http.conn.HttpHostConnectException,Non HTTP response message: Connect to 162.55.220.72:5005 [/162.55.220.72] failed: Connection timed out: connect,50_threads 1-10,text,false,,2607,0,50,50,http://162.55.220.72:5005/get_method?name=Maxim&age=33,0,0,21038
1740266472171,21056,object_info_4,Non HTTP response code: org.apache.http.conn.HttpHostConnectException,Non HTTP response message: Connect to 162.55.220.72:5005 [/162.55.220.72] failed: Connection timed out: connect,50_threads 1-26,text,false,,2607,0,50,50,http://162.55.220.72:5005/object_info_4?name=Maxim&age=33&salary=1500,0,0,21056
1740266490162,3122,object_info_4,200,OK,50_threads 1-29,text,true,,237,163,50,50,http://162.55.220.72:5005/object_info_4?name=Maxim&age=33&salary=1500,3122,0,3069
1740266472956,21047,object_info_2,Non HTTP response code: org.apache.http.conn.HttpHostConnectException,Non HTTP response message: Connect to 162.55.220.72:5005 [/162.55.220.72] failed: Connection timed out: connect,50_threads 1-2,text,false,,2607,0,50,50,http://162.55.220.72:5005/object_info_2?name=Maxim&age=33&salary=1500,0,0,21046
1740266480613,14073,object_info_2,Non HTTP response code: java.net.SocketException,Non HTTP response message: Socket closed,50_threads 1-45,text,false,,2228,0,50,50,http://162.55.220.72:5005/object_info_2?name=Maxim&age=33&salary=1500,0,0,14073
1740266479434,15252,object_info_2,Non HTTP response code: java.net.SocketException,Non HTTP response message: Socket closed,50_threads 1-16,text,false,,2228,0,50,50,http://162.55.220.72:5005/object_info_2?name=Maxim&age=33&salary=1500,0,0,15252
1740266480723,13963,object_info_2,Non HTTP response code: java.net.SocketException,Non HTTP response message: Socket closed,50_threads 1-48,text,false,,2228,0,50,50,http://162.55.220.72:5005/object_info_2?name=Maxim&age=33&salary=1500,0,0,13963
1740266479025,15661,object_info_3,Non HTTP response code: java.net.SocketException,Non HTTP response message: Socket closed,50_threads 1-3,text,false,,2228,0,47,47,http://162.55.220.72:5005/object_info_3?name=Maxim&age=33&salary=1500,0,0,15661
1740266479588,15098,object_info_2,Non HTTP response code: java.net.SocketException,Non HTTP response message: Socket closed,50_threads 1-21,text,false,,2228,0,46,46,http://162.55.220.72:5005/object_info_2?name=Maxim&age=33&salary=1500,0,0,15098
1740266477853,16834,object_info_3,Non HTTP response code: java.net.SocketException,Non HTTP response message: Socket closed,50_threads 1-46,text,false,,2228,0,45,45,http://162.55.220.72:5005/object_info_3?name=Maxim&age=33&salary=1500,0,0,16834
1740266488590,6098,get_method,Non HTTP response code: java.net.SocketException,Non HTTP response message: Socket closed,50_threads 1-11,text,false,,2228,0,45,45,http://162.55.220.72:5005/get_method?name=Maxim&age=33,0,0,6098
1740266480801,13886,object_info_2,Non HTTP response code: java.net.SocketException,Non HTTP response message: Socket closed,50_threads 1-50,text,false,,2228,0,43,43,http://162.55.220.72:5005/object_info_2?name=Maxim&age=33&salary=1500,0,0,13886
1740266490598,4090,get_method,Non HTTP response code: java.net.SocketException,Non HTTP response message: Socket closed,50_threads 1-12,text,false,,2228,0,42,42,http://162.55.220.72:5005/get_method?name=Maxim&age=33,0,0,4090
1740266479402,15285,object_info_2,Non HTTP response code: java.net.SocketException,Non HTTP response message: Socket closed,50_threads 1-15,text,false,,2228,0,41,41,http://162.55.220.72:5005/object_info_2?name=Maxim&age=33&salary=1500,0,0,15285
1740266480549,14138,object_info_2,Non HTTP response code: java.net.SocketException,Non HTTP response message: Socket closed,50_threads 1-43,text,false,,2228,0,40,40,http://162.55.220.72:5005/object_info_2?name=Maxim&age=33&salary=1500,0,0,14138
1740266492685,2003,user_info_2,Non HTTP response code: java.net.SocketException,Non HTTP response message: Socket closed,50_threads 1-10,text,false,,2228,0,39,39,http://162.55.220.72:5005/user_info_2,0,0,2003
1740266479527,15161,object_info_2,Non HTTP response code: java.net.SocketException,Non HTTP response message: Socket closed,50_threads 1-19,text,false,,2228,0,39,39,http://162.55.220.72:5005/object_info_2?name=Maxim&age=33&salary=1500,0,0,15161
1740266479465,15223,object_info_2,Non HTTP response code: java.net.SocketException,Non HTTP response message: Socket closed,50_threads 1-17,text,false,,2228,0,37,37,http://162.55.220.72:5005/object_info_2?name=Maxim&age=33&salary=1500,0,0,15223
1740266486845,7844,object_info_3,Non HTTP response code: java.net.SocketException,Non HTTP response message: Socket closed,50_threads 1-23,text,false,,2228,0,36,36,http://162.55.220.72:5005/object_info_3?name=Maxim&age=33&salary=1500,0,0,7844
1740266475011,19678,object_info_3,Non HTTP response code: java.net.SocketException,Non HTTP response message: Socket closed,50_threads 1-25,text,false,,2228,0,35,35,http://162.55.220.72:5005/object_info_3?name=Maxim&age=33&salary=1500,0,0,19678
1740266480161,14527,object_info_2,Non HTTP response code: java.net.SocketException,Non HTTP response message: Socket closed,50_threads 1-34,text,false,,2228,0,34,34,http://162.55.220.72:5005/object_info_2?name=Maxim&age=33&salary=1500,0,0,14527
1740266479165,15523,object_info_3,Non HTTP response code: java.net.SocketException,Non HTTP response message: Socket closed,50_threads 1-7,text,false,,2228,0,33,33,http://162.55.220.72:5005/object_info_3?name=Maxim&age=33&salary=1500,0,0,15523
1740266479588,15101,object_info_2,Non HTTP response code: java.net.SocketException,Non HTTP response message: Socket closed,50_threads 1-20,text,false,,2228,0,33,33,http://162.55.220.72:5005/object_info_2?name=Maxim&age=33&salary=1500,0,0,15101
1740266479495,15194,object_info_2,Non HTTP response code: java.net.SocketException,Non HTTP response message: Socket closed,50_threads 1-18,text,false,,2228,0,31,31,http://162.55.220.72:5005/object_info_2?name=Maxim&age=33&salary=1500,0,0,15194
1740266480038,14651,object_info_3,Non HTTP response code: java.net.SocketException,Non HTTP response message: Socket closed,50_threads 1-4,text,false,,2228,0,30,30,http://162.55.220.72:5005/object_info_3?name=Maxim&age=33&salary=1500,0,0,14651
1740266478978,15711,object_info_2,Non HTTP response code: java.net.SocketException,Non HTTP response message: Socket closed,50_threads 1-5,text,false,,2228,0,29,29,http://162.55.220.72:5005/object_info_2?name=Maxim&age=33&salary=1500,0,0,15711
1740266479745,14944,object_info_2,Non HTTP response code: java.net.SocketException,Non HTTP response message: Socket closed,50_threads 1-24,text,false,,2228,0,28,28,http://162.55.220.72:5005/object_info_2?name=Maxim&age=33&salary=1500,0,0,14944
1740266475513,19177,object_info_3,Non HTTP response code: java.net.SocketException,Non HTTP response message: Socket closed,50_threads 1-39,text,false,,2228,0,27,27,http://162.55.220.72:5005/object_info_3?name=Maxim&age=33&salary=1500,0,0,19177
1740266493283,1407,get_method,Non HTTP response code: java.net.SocketException,Non HTTP response message: Socket closed,50_threads 1-29,text,false,,2228,0,26,26,http://162.55.220.72:5005/get_method?name=Maxim&age=33,0,0,1407
1740266480410,14280,object_info_2,Non HTTP response code: java.net.SocketException,Non HTTP response message: Socket closed,50_threads 1-40,text,false,,2228,0,26,26,http://162.55.220.72:5005/object_info_2?name=Maxim&age=33&salary=1500,0,0,14280
1740266479149,15541,object_info_2,Non HTTP response code: java.net.SocketException,Non HTTP response message: Socket closed,50_threads 1-9,text,false,,2228,0,24,24,http://162.55.220.72:5005/object_info_2?name=Maxim&age=33&salary=1500,0,0,15541
1740266480222,14468,object_info_2,Non HTTP response code: java.net.SocketException,Non HTTP response message: Socket closed,50_threads 1-36,text,false,,2228,0,23,23,http://162.55.220.72:5005/object_info_2?name=Maxim&age=33&salary=1500,0,0,14468
1740266480503,14187,object_info_2,Non HTTP response code: java.net.SocketException,Non HTTP response message: Socket closed,50_threads 1-42,text,false,,2228,0,23,23,http://162.55.220.72:5005/object_info_2?name=Maxim&age=33&salary=1500,0,0,14187
1740266478777,15913,object_info_2,Non HTTP response code: java.net.SocketException,Non HTTP response message: Socket closed,50_threads 1-1,text,false,,2228,0,21,21,http://162.55.220.72:5005/object_info_2?name=Maxim&age=33&salary=1500,0,0,15913
1740266494002,689,object_info_3,Non HTTP response code: java.net.SocketException,Non HTTP response message: Socket closed,50_threads 1-2,text,false,,2228,0,20,20,http://162.55.220.72:5005/object_info_3?name=Maxim&age=33&salary=1500,0,0,688
1740266479370,15321,object_info_2,Non HTTP response code: java.net.SocketException,Non HTTP response message: Socket closed,50_threads 1-14,text,false,,2228,0,20,20,http://162.55.220.72:5005/object_info_2?name=Maxim&age=33&salary=1500,0,0,15321
1740266479883,14808,object_info_2,Non HTTP response code: java.net.SocketException,Non HTTP response message: Socket closed,50_threads 1-27,text,false,,2228,0,18,18,http://162.55.220.72:5005/object_info_2?name=Maxim&age=33&salary=1500,0,0,14808
1740266488552,6140,object_info_3,Non HTTP response code: java.net.SocketException,Non HTTP response message: Socket closed,50_threads 1-13,text,false,,2228,0,17,17,http://162.55.220.72:5005/object_info_3?name=Maxim&age=33&salary=1500,0,0,6140
1740266480283,14408,object_info_2,Non HTTP response code: java.net.SocketException,Non HTTP response message: Socket closed,50_threads 1-37,text,false,,2228,0,16,16,http://162.55.220.72:5005/object_info_2?name=Maxim&age=33&salary=1500,0,0,14408
1740266480690,14001,object_info_2,Non HTTP response code: java.net.SocketException,Non HTTP response message: Socket closed,50_threads 1-47,text,false,,2228,0,16,16,http://162.55.220.72:5005/object_info_2?name=Maxim&age=33&salary=1500,0,0,14001
1740266479898,14793,object_info_2,Non HTTP response code: java.net.SocketException,Non HTTP response message: Socket closed,50_threads 1-28,text,false,,2228,0,15,15,http://162.55.220.72:5005/object_info_2?name=Maxim&age=33&salary=1500,0,0,14793
1740266480038,14654,object_info_2,Non HTTP response code: java.net.SocketException,Non HTTP response message: Socket closed,50_threads 1-31,text,false,,2228,0,13,13,http://162.55.220.72:5005/object_info_2?name=Maxim&age=33&salary=1500,0,0,14654
1740266475542,19151,user_info_3,Non HTTP response code: java.net.SocketException,Non HTTP response message: Socket closed,50_threads 1-49,text,false,,2228,0,13,13,http://162.55.220.72:5005/user_info_3,0,0,19151
1740266480099,14593,object_info_2,Non HTTP response code: java.net.SocketException,Non HTTP response message: Socket closed,50_threads 1-32,text,false,,2228,0,11,11,http://162.55.220.72:5005/object_info_2?name=Maxim&age=33&salary=1500,0,0,14593
1740266479087,15605,object_info_2,Non HTTP response code: java.net.SocketException,Non HTTP response message: Socket closed,50_threads 1-8,text,false,,2228,0,10,10,http://162.55.220.72:5005/object_info_2?name=Maxim&age=33&salary=1500,0,0,15605
1740266480315,14377,object_info_2,Non HTTP response code: java.net.SocketException,Non HTTP response message: Socket closed,50_threads 1-38,text,false,,2228,0,9,9,http://162.55.220.72:5005/object_info_2?name=Maxim&age=33&salary=1500,0,0,14377
1740266480207,14485,object_info_2,Non HTTP response code: java.net.SocketException,Non HTTP response message: Socket closed,50_threads 1-35,text,false,,2228,0,9,9,http://162.55.220.72:5005/object_info_2?name=Maxim&age=33&salary=1500,0,0,14485
1740266487143,7551,object_info_3,Non HTTP response code: java.net.SocketException,Non HTTP response message: Socket closed,50_threads 1-30,text,false,,2228,0,7,7,http://162.55.220.72:5005/object_info_3?name=Maxim&age=33&salary=1500,0,0,7551
1740266476992,17702,get_method,Non HTTP response code: java.net.SocketException,Non HTTP response message: Socket closed,50_threads 1-44,text,false,,2228,0,6,6,http://162.55.220.72:5005/get_method?name=Maxim&age=33,0,0,17702
1740266493227,1466,get_method,Non HTTP response code: java.net.SocketException,Non HTTP response message: Socket closed,50_threads 1-26,text,false,,2228,0,5,5,http://162.55.220.72:5005/get_method?name=Maxim&age=33,0,0,1466
1740266484771,9923,get_method,Non HTTP response code: java.net.SocketException,Non HTTP response message: Socket closed,50_threads 1-41,text,false,,2228,0,4,4,http://162.55.220.72:5005/get_method?name=Maxim&age=33,0,0,9923
1740266480130,14563,object_info_2,Non HTTP response code: java.net.SocketException,Non HTTP response message: Socket closed,50_threads 1-33,text,false,,2228,0,3,3,http://162.55.220.72:5005/object_info_2?name=Maxim&age=33&salary=1500,0,0,14563
1740266479666,15027,object_info_2,Non HTTP response code: java.net.SocketException,Non HTTP response message: Socket closed,50_threads 1-22,text,false,,2228,0,3,3,http://162.55.220.72:5005/object_info_2?name=Maxim&age=33&salary=1500,0,0,15027
1740266479009,15685,object_info_2,Non HTTP response code: java.net.SocketException,Non HTTP response message: Socket closed,50_threads 1-6,text,false,,2228,0,1,1,http://162.55.220.72:5005/object_info_2?name=Maxim&age=33&salary=1500,0,0,15685
